Name,Image,RevitFamily,Style,Hook At Start,Hook At End,HookOrientation0,HookOrientation1,RevitVersion,CreatedByOrganization,LengthParameter,RhinoBaseLineType,CreationMethod,Progress,Notes
00,00.jpg (https://v5.airtableusercontent.com/v3/u/47/47/1762689600000/bIfN00ooWuiNgj5-VJ_2EQ/m-XpMx0MJbYg5GTMKHl-CQb5o_NqPDMV1Qxu-bCEvL1zkgGQzrLznLCkZiXso49mBqxFw8hM0mV0uc4YOFb1J-FDuE4jSmaMRXjObDNicO01Xwg7_GcrtD1sBbLmx9rLIzYDgXiXWM6yVaxpna7iUw/bjm2hN937rFZ_n5UJj8-GLUNr3yXNqTkZyD3NxEvoYs),00.rfa (https://v5.airtableusercontent.com/v3/u/47/47/1762689600000/jK5qWz6EUTRP_oO18C0zQQ/dptb3oH6EyCiJCKBLxgMgjAFxDRnNzSloh6gIWCm8DZjVvC154Yc773nNP841jCavWcs10AyAGH5y1x43hYAWIH3-JFy9YnsPdyn5tGa9OK-fE4PIxe4Rb6Fd46PzHtAFDskZW94IOLFx4SEFivAfw/cGzXGby8_aj6m_RDhqSRA_WZKaHm-UrGR5oC-jUkP_Q),Standard,0,0,Right,Right,2023,Autodesk,a,rg01,CurveAndShape,Done,
01,01.jpg (https://v5.airtableusercontent.com/v3/u/47/47/1762689600000/WFQBAanL6ZfDimwrb5xJjA/UXnVjC-gqQKDs88ErR3qRM3hG0gAsLi3Ze9vvHN-3RR6Ls-OWZfXwRPBbHiTXlJ4p9R6QbF2kU6-94wlvVivucJ2Emv943G0n4kWwBv5Ph8xClxmaVGNRrHum6Mj4yfoRmgRCay4yTtrnuu3Cq1EWw/HzytKR1_D5iYFTIoO25jTEB6jCFC1YtdLR9V7JD_Z98),01.rfa (https://v5.airtableusercontent.com/v3/u/47/47/1762689600000/jO1LftZeaOm0JXR3tjfHcg/V0Vxv2vbb2xFyLw2wwnK6G7XrHNkvcbiHWd-xE3PTz4FIQm571SvMSOiTeD5fWjwxHykbeEN958QkEZCbc6sCPlqiO9AQlSaPbtk7MOLFC3LgxGAESaYI6dAXoyL3VAg2RxwgOqRjYRedw20Gy58Pw/M1c6LVkEFyOujOpb_bNTYHYGMsRQKwn2Iil-74ecHH8),Standard,90,90,Right,Right,2023,Autodesk,a,rg01,CurveAndShape,Done,
02,02.jpg (https://v5.airtableusercontent.com/v3/u/47/47/1762689600000/0gZ_rxdO21BjUL7oQ4-9OA/Gob2sWBl8TssHJEnEPmzgKuY8tTeBlR8dqQaJ3P7CMa6O84vOQ4qnHYIyr4ir5x2LP4xg2oqY2YJRrMb_PvwQ0D2j57Tkg5XHJFkOz3hOgbtLwiDOJQPJab_y0z3w4uQ08u4NXRHA28sswKlLyyn-w/xhrAQM2O-rOgPfhxNjQzexNMzZ5BAglZlv1ZQS2MCGg),02.rfa (https://v5.airtableusercontent.com/v3/u/47/47/1762689600000/DsXBXsZPYGLY3cWmwGEMIg/ax_QiCIQfOQ0sFlTUw2_BII2mUBch1VbO_XBrj1VLgwIHNUud-mcX0QZVyULG4CqTn6IfttbljarECrCFWHgPLTv-X4LzYtTXGVo1GMdwSxterW1RsHkIPjvSP6lzsa4tz8p2rnPv5UFKmprMjGSDg/STPOklVtioygyBIlfwNRY3x8eYUOohLEh_vvsPSeidc),Standard,180,180,Right,Right,2023,Autodesk,a,rg01,CurveAndShape,Done,
03,03.jpg (https://v5.airtableusercontent.com/v3/u/47/47/1762689600000/h1bdir8EUZ8RkPRkW5yniQ/OFkLo2rly7U_18Gj0zxACpkf6d9PcMfnXEUf4J2UnWkUQBuZYy1hc0sH7LuZRVAFnP7d4xLJQ8P6IHb8cDxBICpJyCZbG89eYcH6g-o0cL4_u-OKFV1QcaaBNlUz9PVMtuFxtFu2_dnVlyBXSYAKiA/YrAdh-lraRwdA8K5lM1HGWzlXHoF8rt2HmFrNdSFVAI),03.rfa (https://v5.airtableusercontent.com/v3/u/47/47/1762689600000/43gYfwttMpNKQZyXruVHiA/VvF6Cs89_dZYu8Pzdi-FX1dH539nEPoKQg5RdFzId0umXIs4sWK8Z1eke3pKGU3JOJBMpI_fgzdiNo2kzZH4TpMjw0YO0TIZmLsxAeV7s-RM9V7easkxHfT6asOXWiSd2S60ZuSIU-WNjdAJiFLkgg/KEqPyRhO1bSzGHHY3L3S2bvDIGj3jSdah1iA0VHPjqM),Standard,90,90,Left,Right,2023,Autodesk,a,rg01,CurveAndShape,Done,
04,04.jpg (https://v5.airtableusercontent.com/v3/u/47/47/1762689600000/44MDcv81pBWyQWu0ojYMwg/GyVYRMijMjXklHZqEhxGKtMT8UeIzmct-whRPgaUv6u8UhcOaN43XJXUI5oEg5r3iJeB_l8M9dE3Q1e_cO2q-xSY6rA2AyBDQX4TmFxFPXxnCU_NT0bUGsNXHPE2qOU7SGqCm1NEeqT6QCjfnpILaA/hraN2PyUwEGo3ArAMZy4J3QbUs_z9DyysyIQXVmxAvs),04.rfa (https://v5.airtableusercontent.com/v3/u/47/47/1762689600000/zgWJZJn52FfupP-KqeCcYw/kpuS9RchXpWIMDwz8w6LO5GWK_UuPMcvZNY1LV6uPndslGL5hrw9IwWIICpjkdgPZvj-ro2SI-YED2R_s_HjlPW9WpwayWlhGGvxvrUJL91h6e1nk38612CDJovTcYkx9Mtb7uoVpBd8G6TLiw8eMA/QwA0NzzrNSbOknrDvrW9ZYnNsuWtRlo7_vPWs5KKMyg),Standard,90,180,Left,Right,2023,Autodesk,a,rg01,CurveAndShape,Done,
05,05.jpg (https://v5.airtableusercontent.com/v3/u/47/47/1762689600000/2x7hKmiviJme8K6SNk3V_A/6gzANlFKYCtt5a_NTz6N2LT0uUrTe7KGjWOXdABTBFcctCmsKjcFzAMoISKZwfn0DicP-WG8b6F42M81TjhFZE0-9sK3f_rTTw5hWVM7qWTunStaSGJz4-c6GfVH30z9IwAYGW0iNikWh3JW2CAyOQ/u0SbAzVrVZsLBjLxSQVEd80x5ktZ3ls_ZvuTAHzm2vo),05.rfa (https://v5.airtableusercontent.com/v3/u/47/47/1762689600000/BqnV9qGiba4jFOtkWb2zNw/qYy4SFMnEP3xUe_FybUhjreeC-vzY3VU4nlwNqhW5eIKJeA7_TKGLUyMBeLlYbKZQFuAhN58PYwcOMgVWkMRU1Ge4bMJtFW8XNVpIOse24MDFNA0f4tvxu2q7m2h0Zy6IBddjDlbYD5VbiKCfiHMWg/1vCcXWmn-ypXgX30IcPyO7Ee1DkxzDevSFmTYxgkWFw),Standard,180,180,Left,Right,2023,Autodesk,a,rg01,CurveAndShape,Done,
06,06.jpg (https://v5.airtableusercontent.com/v3/u/47/47/1762689600000/ZV3DAK3ql9e3K5c7KPvhmg/Y-mlvoWCReHsb12_xlh-O3rqD0IUKMldZu2z8lFIlla8aaj3TYNhoWGHTWckS3Fk2VI2uD98H-m5HDPuRq5I8shruUvFohIpt8prjbJg_yaHEpuV-03W67xXUuBAykOnokRm3S5L_cJvZGfLjdzBnQ/GpWhAvr2MyCSY4d7nta1Z6tJW7GDsD9S3WTndJHNppw),06.rfa (https://v5.airtableusercontent.com/v3/u/47/47/1762689600000/gr7gAhyFUbzPGdIln8n9xA/otwreaFk_CefIUhz58WH-qsYwOsPIIPPDECgHFrDBxPJj5sBvs1J4Zof2jBLk2nx4z-Z0dhtaWmJG_8EXUysElQx19oSwEI-lIkwq29y1-9YomyTh173bSXW5HWryPsbE_0Yf2J6-6z5fb2kydMang/u6ZZkT1GnRcXHhvyEwtsJgZo2pxoDZbP0qq2Vi8B1Jk),Standard,0,0,Left,Right,2023,Autodesk,"a,b",rg02,CurveAndShape,Done,
07,07.jpg (https://v5.airtableusercontent.com/v3/u/47/47/1762689600000/bM_0YLKoMoG-yz8SvD64Dw/wNMl-niV3hPCOnSylvOG_gRGOWKzzH3p4iICP_BAlLCNaBiZTTav3cD9ML7Xlup9LxWqlrkxK4k00jNu0xn4AwgJOVS4UjZ2IaG9YH7lNVFSFN4p3-KT4hXSL5BjS5eiR4vxXMJ3TTuhlWXM_RoCZA/LZGSmpF1LwKqwU4sAqP3tn5DLR2CW4gruYopzCJuyzA),07.rfa (https://v5.airtableusercontent.com/v3/u/47/47/1762689600000/6b8h071ObpRqnRtD21K38w/t8rhzZW5MT1dNi3EQ2lTFjcJK-qMdfIqCIlztXKqPfiSaGHHVJ_R95IKrN715Bhz6dNiO0QNZV0U_eq0685hfpZeu-vrFuGSvN99BVUPt7xW79ekLG2SZaXaVomiplsZ1SkLh6bfXF7AWomU_Ce1pA/4aGdr8aGf8byCYJbilEDamKSHNsJ0ihY0Ofitv12Yb4),Standard,180,180,Left,Left,2023,Autodesk,"a,b",rg02,CurveAndShape,Done,
08,08.jpg (https://v5.airtableusercontent.com/v3/u/47/47/1762689600000/lcTOv2q0_XlOSz9DSpPeNw/Hu1QB-XApLx3rO401a7AB-ao2owR7uaD-0qk_c0_NMYYQHmSoCX_c0z0WMK1AQVypYYf3XNkcHrXs2R58pEopuM1bTPrSJ46PnrBd0sQb5zLCBIYqH-jTMp38Tc7VO5Zg5uN5AhLQD8RQ9fW_i_QlQ/EOT50bgSyGj4ZTUufZISW05tUhTM9d55XnHr-Vc8ouc),08.rfa (https://v5.airtableusercontent.com/v3/u/47/47/1762689600000/WvXZXWhJTq4_d-PpaIK4Bw/d97osGoS2aSScOPUJmfDNzh0fwIOrede1VL4RPDcA46kR6Ssrj2fWKRu0u_7bs93HLdXwdZWWPehDNjMP9WZ4I96sRNFQ9TEWB88Nwb6C_4UshRJWwQ4nxnPi_-TvMucaTJCWqGwu3fNH-RKuXjeAQ/mRLXV6ISJ-MrClyPMwTrerOKbeYjJhAL1FF35B6MZUo),Standard,180,180,Right,Left,2023,Autodesk,"a,b,c,d,e,x",rg16,CurveAndShape,Done,
09,09.jpg (https://v5.airtableusercontent.com/v3/u/47/47/1762689600000/bHG2IpSf1eZPRa3PnF291Q/EjmQ-WRNJsc299Xn-PNj_8qiMhORE_nsnG-GhBiFsEg2cwRdQiU_zzDxWNuZj0WeZlCdiwwEFW60ayQkEyNXIpehjN-iZLNJ8rLSW6ZWhh9zmhtzmtfAyVkxcVR6omX2uTP3oVXtT96tcu8z2D2BYQ/uSPE8Aoj1otl6ytN7PYLn6cgRFXBJL17vZTkWYgkyHs),09.rfa (https://v5.airtableusercontent.com/v3/u/47/47/1762689600000/UsZPJlC5x2ERZGTgUh7Lgw/qPTcUCkgFWY7m8k7Rlp02DOVKK06dV01YPl8j24-lC7zxkCBB6Q20yEpygRLDiDk0U_vxaElNNi0nqaK4AlZyJlN1A7-v0S-kI0MkLnMKPDec4iFe61_aE5Yb-fMvNpstduLbP76XOcI79jiqiy9Bg/fK9ZwaqhFCK1ylTqdT6dvpwM6rr1jwGaVymzHP7zV88),Standard,90,90,Right,Left,2023,Autodesk,"a,b,c,d,e,x",rg20,CurveAndShape,Done,
10,10.jpg (https://v5.airtableusercontent.com/v3/u/47/47/1762689600000/hTNJN0KCFpslwEMeQ6cAgQ/OIlaauQKDVHft6ZXMAxtYeuRe6SR0xGda4CdmV_I5G5zEytl97Jz7YTCjpOg-jWZkf-4Ok1zI0WaJxVX0YP81Q5EiVL3nDyHKDVSyDmtRBwRZGlGmiIrFtDMw7U54RVWLPopbPrJyvt6mDp79zA94Q/feFzOcqPQ0mHsGPtWopLoEgwSyn-qjcsnXu6mgC_0M4),10.rfa (https://v5.airtableusercontent.com/v3/u/47/47/1762689600000/-nhXR32LhdyQ7n_jk6smIw/moBLE7M3p5J3vPJjjDX3qb9OoSqaQK1Ql82EThd39i9E7p5QWRT63Nl1QIdtc_TZUi5bd3tJfOXllacydB5OPgXSjb3QorUAECWDxa3NMfg9MDTe0XHgs29TmRGja2Q5M6_QPFZ_IU839oYj0u9d2g/faB5dne0uT933Ha6CrOy1vuxi2W2nASHrgIz8rR_zBg),Standard,0,180,Left,Left,2023,Autodesk,"a,b,c,x",rg18,CurveAndShape,Done,
11,11.jpg (https://v5.airtableusercontent.com/v3/u/47/47/1762689600000/ZkhBz7Ete9a2-nPazFYO6w/X9bVLyKiRD-rqUraEisv_sU7A0b86jcOdtv3124eEgfllF2_R1zO6SZGmEbKzIGK-nnFGYb7gN0WnZLeiKFzIi2Ug0SEJpE5vyv7vwPpZUNFWrdyRl-NX5cowE0Y3VyhwWSJBiPYDUcsl1cdyg9Swg/IZUorePLSfuzL8RKQ3lE2f6HQ0iEpWo8CKqNarNrnL0),11.rfa (https://v5.airtableusercontent.com/v3/u/47/47/1762689600000/WTW4LO4yXMO2kvNQCOoYeA/5ikhZAzaHvKE0W5CkRCIZ5GuprTz-qZ-n7kc6XegQU0YAb8i8CZTodf_Uw6_Aj8HLrKyCFw5W3ZKtWQkGBGzbfTgD2AHwgKvo6kBYbiSVULC1t7Ipsbc_M3m17RmhOAlF7AavHjBD3xn4mZ-7-f3tg/me8c7jAhYA62HfPRegn5ag7-QGySE-aUQJP0gI8W2bY),Standard,0,90,Left,Left,2023,Autodesk,"a,b,c,x",rg18,CurveAndShape,Done,
12,12.jpg (https://v5.airtableusercontent.com/v3/u/47/47/1762689600000/3DECbcnQllN6NozJB4KPcg/szmU5_u_DsLITINcwNadm-pTaOCRHTSJTx5iOQP03Fwv0cgMFZdUPR9KukHdhEd69wDC-9k4428sxvWyTKdkfSSwc3CjGuYQkJLYtQvce14gDCjLoaplJAqQegxVK1CUKmcboVal0l0g5_kOOCcMrg/hRJ6D15ggVAD5vaLimQpulDVmMA4fxk59pm0gVUKS9Q),12.rfa (https://v5.airtableusercontent.com/v3/u/47/47/1762689600000/lQVubxvKu2tBAKk0aekZ4w/UxqIIv8u19U0lvafIdy-DcxuOSdW4U2CXwlNbMFHWEX_R5LIUG6N-VqKa18HvFVR84-82lACUvWbIuJUlnFiKdW-XMbVzd0U2wKLQiZMpWjUGeVj_v3_KVQiALKe_amuWOywkreFfKwvSjwpIbAbtQ/Tmgi0WqIOAP6bKWz_xZBnt-keNH3Ww06voKQzaCCtAA),Standard,0,0,Left,Left,2023,Autodesk,"a,b,x",rg19,CurveAndShape,Done,
13,13.jpg (https://v5.airtableusercontent.com/v3/u/47/47/1762689600000/9TP97Zeqg8BfvdVknGHTtg/wXM-gQOloE24qd3ntFLkURiSDm76Pegc3mae1gVf2VfLOHioaCxsNopUwR_VVFKGbgI-9kf2grOFsWB8AnLKt7Nm1UX7dLY7C7l4SZGk3s8qf78kfNQ8SC9fdWqJiJweCbR2cgZQPVRWQqQuXPyD7g/6iIK9bTCY6qbuNKYo2C5c8fRzVEFl7AZiPKJJaYEX9w),13.rfa (https://v5.airtableusercontent.com/v3/u/47/47/1762689600000/8ogJ2u2TUL-bQv3HMHl04A/2tHLR34V2L-EyjAlaZrEopGYuqSzmS9H3xuPBO1I3g2P13nkBwkV_uzoQm51qwLreMbcvwS-M7aU4n2d-bu2o3Ebg5CP4ThgRMRyEd-VAqiF1Kwd7a032f6BvFsLLBnRVYmvfgMz0Cb0_IYM6_Ib-A/2sanYCJEu6DjH_4S7yHcTmpDMDGeUwrWc__irw5OESk),Standard,0,0,Left,Left,2023,Autodesk,"a,b",rg03,CurveAndShape,Done,
14,14.jpg (https://v5.airtableusercontent.com/v3/u/47/47/1762689600000/_dCQkRyGzFhIuMLatlQ-1w/0CMCPpb60bEpxExJ2jPcQ-9GfXP4uINmLUoK-knQD3bZZClC72U18HsyJXXSCWigWCAfVInOqaw52DP2m5RmrlCb0v9Sx5ZeafT_lnD1_hHaLvdO8XQBnfrt7ZAWGUjVkUsaxNY41tCFdwVgXogCFA/MMeZ7wOm68o8RPUmuscNjuih2V7h1h2dyt-Pd9Yo6DY),14.rfa (https://v5.airtableusercontent.com/v3/u/47/47/1762689600000/bqkPwUYvL-BJK6QIaPfKjQ/rkcd7rvQCR8tSoB3r3N4ZKawlxCKIga8G8kQ_QLoRgFp0Ya7BuS--oTgQV2xGS42jMh5ytK402n9I5JRri8xMzyvD-4y7UnC9JtFL8eY78SIopvfkuWm6CnUMS7MlVEYAsJCtOTYydrd4kN40IZ--Q/yWLsKOx9yOTZkDxuJkRVEUJUoaz2_UXjvv8DEaGDsKQ),Standard,90,90,Left,Left,2023,Autodesk,"a,b,c",rg05,CurveAndShape,Done,
15,15.jpg (https://v5.airtableusercontent.com/v3/u/47/47/1762689600000/432_lSIe4Z_GIOzplnGdDw/X_nsTxM8wjFWUsJ4MGF634bONpZ9gqlczcbaAPzpoMlRc_zygg9h9IRuyeXysBIOXgEh5uscWSinZdcauZeg75ulEOumy8AgFm5Xm5kPm4Lz5zOEIiWuc_V2CKE5ZAr3REGw4dKtfgUEY6-ou4LqMg/dySjLH3SskCmxQc0JJdoUEyFbTKORIV9UfNYJUy4xHo),15.rfa (https://v5.airtableusercontent.com/v3/u/47/47/1762689600000/TgzF24AkS3F4IRgX9XbwgA/MDyBgzn5NJ1sEjCWpudUlJBgcUhmi76q8i8UfEk2xo1YvypXIlxQR8BLy0rNuMgVabgx1ib3RMjZPx5LiERsHXidXA3PcGmLJROYsTcqHc5ul2ExswQJ3NA69BnpR7712II689hqpc1-rIo4JaHrvw/N63kRHWBeqS05OfTv0KOWp0B9Cqa1guaLLlxJlv0UYw),Standard,90,90,Right,Right,2023,Autodesk,"a,b,c",rg05,CurveAndShape,Done,
16,16.jpg (https://v5.airtableusercontent.com/v3/u/47/47/1762689600000/01BQEbp1Hc1z1UYD4YYykA/S2FUbz90EAiOSHiDbAWwebQBP9PHz6b4nqHZRq2L7mQf_IUmyq64iNcayKMZSiM7fI1AYP_-PvCxwNzrIpzEOZ3wg2geNFHNUDcHAGx-HTUlYHUPVrkg79Q9K_n7HuwJuCo-WHQ8YrjC1g3rxr0jqQ/YNjYSoluqQk6zQCQMf2iEwOpp6pWovQT7RbaTh6J3jM),16.rfa (https://v5.airtableusercontent.com/v3/u/47/47/1762689600000/zjzrRIcC926phWkO5LCalQ/F5u_GkPljWI8eDmFexEuDbyNW65W4RvmyWTP969cfffLKBKy7BeKEASIeA7cvT6CIYAznvxawk_7H0i2dW5Crqx6xvuYazMjRAp35dpOADx4kQHi6hU7zkqBsaIDwyUK5e0UtJZ8AUoShCdMToopdw/Ks_DnD1PTKaP3WG99rduLpLqvO3z2Gvf4OIiG00_MI4),Standard,135,135,Left,Left,2023,Autodesk,"a,b,c",rg05,CurveAndShape,Done,
17,17.jpg (https://v5.airtableusercontent.com/v3/u/47/47/1762689600000/8EP3Nx-tQgmeEMnUH81LxQ/E2yeMRKZGMms0A4bHnAznLVQ3HxGxmeBmoKTNaagpskWMssdbNGSr9nnwNCDZ6SpzAX9DzC6wo--sxxm0qttGmhlIaN3OAsxt-Z4BPJg4PPyAYG82PyGygXkYqCzIjL2uduQa7yUMgWPN8JAn9BkMw/7wGYj7pHP18gLRLd4OFWq-V_hPy1QO4w7w_WTP2-fgA),17.rfa (https://v5.airtableusercontent.com/v3/u/47/47/1762689600000/_3qu_7wY42AAAgWbXCrq4w/vEyRzaxQqmjG-VT3idfviJisfnGQHLutLN_TIfCabMSYv-3euoSry63O_y-vNsd4m5ixALFfJ9WI7gR8W6U2csQ6UfD3KIrfZs6xCtbFe2Sh6h1ZIEysacX8RqfpbZIVy0yy-u3Uw-nX_QWTGxGIgw/n-_Z0IOLhp93J4RkfScKeNt0KHlM2r1nOWsL1Ho5B5Q),Standard,90,135,Left,Left,2023,Autodesk,"a,b,c,d",rg08,CurveAndShape,Done,
18,18.jpg (https://v5.airtableusercontent.com/v3/u/47/47/1762689600000/gNGAUT5AbC65OzhYaSrEWg/FlRaLEDvMtdNeS-_3cbu93jRLEZm0kfdKa1Ef9uuTvOtXJUp3ZcbMEOb74Pdy0bUs4oMg4F1vWmrsRWCBxpplNoOZrRkBDJEFT4PMxoR3ajd9CTTU17zqm4ASvbfuc1e9E-6EoRJqlSQQvZ8IucsQw/VWkOj7awohf2y3ZnbEL1iqh5Zzy6PdoEYM8ryP_NrQM),18.rfa (https://v5.airtableusercontent.com/v3/u/47/47/1762689600000/zT-9On0MWwrAvb_lK7CiuA/_Q9_-xOnubXiWtbaoPJ6trmgxAh1Cis5y14uWD8-WmqLZZ0JiMhWvQ5vik6oOQ-jidsRL2d9IQh4wql3rRRIY0-hZYw5MTYNFcfZOltmw-VBrRla7Wk38LxSU3lXbbHIoDjo4loE4ZYDuwPFBhsHAw/FqZECWJO5vpnbddJ0SpeIEXaSp4dESX8h6vT5HdEp3M),Standard,135,135,Left,Left,2023,Autodesk,"a,b,c,d",rg08,CurveAndShape,Done,
19,19.jpg (https://v5.airtableusercontent.com/v3/u/47/47/1762689600000/tpiK8fS6hV9XMEVRXLdGtw/gg4U4Jqap-yHHh3p2zv0NdsdJZWjXChko21IAcTrkIjvbsDWiPuThl0n9ta3f-HbbPpHu0FX0w7G_jQ6SqlNwL754iC7C_8lqZuBja_fX_ZFiDZkiHSGEw3H-DY0RN-zizeRWMV-TR0ZYVem6O-oag/BTm_bTzIM1KCxkSZlypVUTSSVyhlFUUHfBAK3D_e5OA),19.rfa (https://v5.airtableusercontent.com/v3/u/47/47/1762689600000/DvFmMPCSJpXcZTEHqSMTXA/pQ1-fBm-_OBR-iRoqFUqmM1JPWPIMS0T0tfHHlVJj8GDjssQvYRDYE2MxQmsqkJzfR9r_bj5Plqo-WvrNoXV-cUNcHvY-XDRP9sh6hM4vJdja_PrLmBP18mXgETicvk1Cn6jjZXM1f5DhyeytM_2Ww/mOFt5mh8kMPhDPv65wbxpNyaunxMlCl9h8Zf791e3Eg),Standard,135,90,Right,Right,2023,Autodesk,a,rg01,CurveAndShape,Done,
20,20.jpg (https://v5.airtableusercontent.com/v3/u/47/47/1762689600000/4Ut1t1i0Gj8tfQDvYVPjCQ/gOA-m61ltScXgIbUisH9AA7nfwBzJNxnHMxbeHygUZksIM6Gvi-9-7xjZQxl85vLznInspy1Rp4lo6DWJKyQ7BrxCbBRVbB5kjahcA_LbPFYMYqA2d6RQ4sTmdl-xo28CkoT-7fwreN9paM23KwtIQ/8SZhkQTq1bwJDpgCC2oQX9lEs5m8Q4YrY9E6UqDyihA),20.rfa (https://v5.airtableusercontent.com/v3/u/47/47/1762689600000/HxoKZ3tt8z-ePOi1G-vH7Q/dyx2qqelpgX43cCSH45YJNXEiHb6yxiNRl8_jGmkM5XVqDAMgRLFU-Z-OPvsQCVfdyVIs4PnG6xYNALo6bRzr58UxZ24i2lBBsIZx6t7nWEuvykmYRJxrMD-Usf0xPGlvMSo5bMcKmVbi3IpUuEqxA/qebh9dT-ioEh1tyKVwsU5kQsuNXwXz0XQ-aINc9NyC4),Standard,135,135,Right,Right,2023,Autodesk,a,rg01,CurveAndShape,Done,
21,21.jpg (https://v5.airtableusercontent.com/v3/u/47/47/1762689600000/OFTtRDnjeLkQRbnAjJ_PiA/ukp5WkCfzWqA7E8XpUo8HG3gvu8n__OZhw44L5hvjJ1MSPivGnNQm2sjt2HJbuRkxlc493DVreStw_zwenJA0JlB1unwoDVTHi857qNrOkIH0X8FvDNVqh9j_WKB638MSxE28635KDwICCg-ydkmjA/buGZM35SnhdzvfEeaFvEvG5FY4aY9rMxvofhc7CNKLA),21.rfa (https://v5.airtableusercontent.com/v3/u/47/47/1762689600000/nN2Jpv_4kQ-oJyS_rOBZXA/5LH28sIBsBPrkqsduPjiT0Vsl76XEycKxut5kuhkv_-z4dYNWYCMokptpS6oNzHQyGkozZG5eWbtGrnx7AYxFJ1s7vBc-MlL6yCUdlB4Ja1fn43yoGlEI-NYejwMxZhl47LW7KS800B_pdquQUPR1A/FJ45YZ2kzN8f3a3WlTKinUGJ17qLQ3HChFuS4-j4Wt4),Standard,90,0,Left,Left,2023,Autodesk,"a,b,c",rg06,CurveAndShape,Done,
22,22.jpg (https://v5.airtableusercontent.com/v3/u/47/47/1762689600000/NGfQKI1IARL4oHCDRaQqNA/RwResi64eycp43ntYIWwRHtTxNEbWFeu5eYRqlJI7r61x0QjE4Ym0fd3XYkX6JxQFG80CiWpENCJV0JkhqVK3AFsH0CJHf74syZWH6QbHdqZUz60OVmN1cuI4ZOQ7guTU23XTk9mSf8mw84nEhxpNg/feuCTNQwQwgvHQdxQdN-x2Wc_sqz8MBvMJIzvlAtWPI),22.rfa (https://v5.airtableusercontent.com/v3/u/47/47/1762689600000/pGD3Bxzk6QPVaXCCLsF-jQ/gzPQUY88GyiaYwN2QNso7ntTHxK6QiRvg5EVFrE1K9e2yk6eU28ZALcNNL3eElTRi1nuUVlQI81pKOJPVa8RagOvS6GOj-sPo5O6oJvOOjt6U3W44unfAvRH8NpPjjMtGg3FHoRuhlg91QMc820eMw/G16Z_majjSh9OP27jqL3UxqoZ8OK082jA7hVEUqcRxU),Standard,0,0,Left,Left,2023,Autodesk,"a,b,c,d",rg09,CurveAndShape,Done,
23,23.jpg (https://v5.airtableusercontent.com/v3/u/47/47/1762689600000/jWnrVa1fgL0r3cLYKvvH9w/bNU6hHRn5pLEXPyaWaq_IZPZJ4hzjaAlJiRE7l5nwcrQ7pdsnko9apm6_n3fPh-wFQPQJjFsKf4rq12cHUgqD6oOqDgcz9DCktyJDLAkkdz183q9TkpMn6iLdWHQvSRTXr2zFPYggH9IxyTWtRfC_g/yfxLkhNFVJH3dELFdZbFiBbQIkn6rEAlo3l2J6mCaF0),23.rfa (https://v5.airtableusercontent.com/v3/u/47/47/1762689600000/Y_9gNm9nEyRvjXqzwF0Udg/Sp6unCDTpZoF4r9eX7LBxuc7omXvDTY07rTbxCnRHkw8hpKWInnrxgf2ZGEaZpvR3J46pf6xsfYKoBxkkWJShEJHrbq3URckCllNudSIln4cn3Fw2ic4zGPyltPZ6qBLtuG18oICTlNowdEwfXdDVg/TAWZSoYvNpE7SA6n8lru3UpI9MSyRsU7KfpWWPJ0EYg),Standard,0,0,Left,Left,2023,Autodesk,"a,b,c,d",rg10,CurveAndShape,Done,60 angle
24,24.jpg (https://v5.airtableusercontent.com/v3/u/47/47/1762689600000/jKOnF0noRLz5eY-B3pHDFw/cBFR6_0cd40Vqfzr4rsaEHO0u47SlOTSobnZMGaYthEL_o3hP1prBZ_3Mb-GUAGoDwL7VQG5eJREvzCdXmN9d_DPIvLseJylJD10FeEyZIgvDkVfIj_nqCpD5bL6hxHeMYruJffxFM4iPvIpcjZqEQ/EwCd0QNP4w22hS9j-gVAn824lub_5mmO4oB6xau_B3I),24.rfa (https://v5.airtableusercontent.com/v3/u/47/47/1762689600000/UdO2H0DSmSic6K4FIXUemg/r92_ooLnJmSYfaXxqFBMt6wkDq86l_CCq6PLLdVxZpyZexbC4PDAH223AzRg05cGHa6Yy-2dmeW8g732HdU8d-5SgoE_x-0IDYzyRWeTm7hjDivow8jU1GEOV87yTchE2ZkElgfL8eA5EkISvqijgg/dkBFHk0EjL7_qDLgo6UPF86y7nTSJPvCtbkSVT8fd-U),Standard,0,135,Left,Left,2023,Autodesk,"a,b,c",rg06,CurveAndShape,Done,
25,25.jpg (https://v5.airtableusercontent.com/v3/u/47/47/1762689600000/H9lOc51TM1jYSPNnRSU5GQ/os4isLCC_M1IFA_yczHOOjESMmYzLllGdYnjiNKX7BJtzApblZDj_qlATrce8bepm4xhAwCsr4Zuvxdw7Brhy2IHLM8xFsA_htDiJD04GA-p2anE7MS-a0Ofs3lG2f3UxVz5x1O9oKoLydFXXdzYmw/KmBzsD5c5Rgz9EW5ebB3naftrp_ol6quiCog4xfLlMA),25.rfa (https://v5.airtableusercontent.com/v3/u/47/47/1762689600000/rGiqC6eC1IutevfMsZdolg/v4yCcQurR63d_2_7Bn2ti8GCpB5tMWn2Tb_SvQI5GmVO9G_ypApd-C3PzaqCPF6hsSZi1swpq2f-XwVHfXnRdqgbt4a5TmooFBxW_aB69zhxiGwRpIQ0_bJ8b7mp8kxGSC7Y2nG4Pj9ibDHfmd0xfA/reGkJhhDi_VmeI9IjDMh-bKE_J2gmGqvNo7OCK1nvyw),Standard,0,0,Left,Left,2023,Autodesk,"a,b,c,d,e,g,h,x,y",rg15,CurveAndShape,Checking,
26,26.jpg (https://v5.airtableusercontent.com/v3/u/47/47/1762689600000/FGUvixGd6mqunnYmJDyRcg/ErccrEWyoQ_yzpOrPiDiy-pD6ymY4luwPtAo6m2BuBFHSI1Sa3-daXJrwuMYktiuJIquPvmb1MJMX7e-TJX3hMTND8dFA0C3kqpNsjsIl0UXeWxH_qdFC8by08Y2kYFek7Verm99E1M9Xj1dVZ3MWQ/kox67B2NuXSKOSNz9ls7CXUFqMNdr49YKivQIlXP5jQ),26.rfa (https://v5.airtableusercontent.com/v3/u/47/47/1762689600000/lzbT2cITP_8AG5RVDXAJgA/qzCfV6BwUFXE9loTgBgiDoliemwZqwIpGH_1Y026DP1lG1aGFjS8bIPnfwZ_oqIn4ftuUGdV22a4WmHxRFRHoX1ckCxOEYgFhBTZBDoLRWZGPHTX5t8svOMGf78UsPdH215F31mJ3fqwB_O1660DHg/AoCddabnAlLKZAPeU2NLPd5TXKka1pzYiIzBBQ6jG6Y),Standard,0,0,Left,Left,2023,Autodesk,"a,b,c,d,e,f,g,h,x,y",rg14,CurveAndShape,Checking,
27,27.jpg (https://v5.airtableusercontent.com/v3/u/47/47/1762689600000/zXv0BXotTGnjQhsKihSEWg/4j9WY-8UP734mRR_grywC4v1ZgshDWuIftC1Fz3AY4IMHeuxufM9yfd3U9X-YIr2QmNIn_zgAmrMpEhZmvKgxlrioaQc72YNkELQ1xGKYkOW5uCOeA8_56SnVt3gvXAZIj7_Pffzl1HSmhkczRYhAw/AM-054a2eRBbRyhxKVLH1zFLGhsJTh_VQQ0fceXUCiY),27.rfa (https://v5.airtableusercontent.com/v3/u/47/47/1762689600000/YCIEEjZDy2K2yhEdOlSI7Q/sseQq_xAeCpzdoqNw54RpGR9i2UKukxbTqbvdB6U_CygFHBC9SmZbZ62KBmpbYZoL1KXCXuvQtNw-1vhK_di8UjIQSrR7_eTUYzQlkXbcCyHNx6XMqPJUAFCiio-Ds9-7BNg4H5-ZV4VxWJRdGayow/_vApS_1s9A3ik_wudrKn043yEkhrMw4LKfwAMke4wc4),Standard,135,135,Right,Right,2023,Autodesk,"a,b,c,d,e,f",rg12,CurveAndShape,Checking,
28,28.jpg (https://v5.airtableusercontent.com/v3/u/47/47/1762689600000/HrlKVEs5upY3Hfiwa79bKA/YabFQCyWhXRS-zWxlDOGUktOXN--0CPvxCD13TdH8f9e2WzBV376m7QoX-hNIiHdtULlVCaZJA7GExOP6hJI6V0iStUHpbMaoN5H3XV7qYtuFmkhJqrXzeVQqtwIKZt8-o9PseFlEp8vDymv0S1AAQ/0MV8TpmHZ_8TE2Q-zfJqhFTfu4TAyyHqFIiELoDDdYU),28.rfa (https://v5.airtableusercontent.com/v3/u/47/47/1762689600000/jVHRQeu1ZIwD5fvVNHUYog/U6qtg31GFQWci6iP2WxRSHKT4iSWdMwOypAvZfT2cK6F1-H8Y_6EP4i7jalrY556urhzjixRUDb7YFSzUqu6dxJa5V0HMpy9Rswzzsc5AyKgNAgIcRirITzg1ZaU8-vwKrpZsqkQgaCkO9pt-bGCQA/G6XXvXAbdlNWU20B1AaCH4blzQBIFKnXaUELjACUmYY),Standard,180,90,Left,Left,2023,Autodesk,"a,b",rg04,CurveAndShape,Done,
29,29.jpg (https://v5.airtableusercontent.com/v3/u/47/47/1762689600000/Q-fUUcloAIpXH3gTPjBqqQ/Ndb1WGbAMfn4b88tEkyAyu8kk73KNUaWjc2ANNRmE4cEZyOv8PKtHm7-EZZSHdZ3Qo-Z-JCF2ecJBaHyFx-UzGOmZb_4jnloee50d5haP4XjM9hAUzztOy7V3cwyV9EFOfQwc9Gbz8rsGsI8UCeMyw/By8eUrDp28VvjKz1UaMKrYmN2XGggyHjtjsVtYuPWkk),29.rfa (https://v5.airtableusercontent.com/v3/u/47/47/1762689600000/NZ0UDascDVj7jRk0B3w2Rw/xStWBlINYL7QhmkQCIa3Sg49N2myvMYxvOgFuncY6gS2yAW3Fs2SkPcUMv7C-ndwS_E7Nm6z8vV4lj3g8sv6Nvru-B7R1KkTXy2_YvANrEjiEZPQauTTIecTGmgfysjguKINxlKjZ-Zl828Ao9AW0w/BssS-l6-YWHeEdA0-9azD9OGShXeZup8BRQr40Q5Y9U),Standard,180,180,Left,Left,2023,Autodesk,"a,b,c",rg06,CurveAndShape,Done,
30,30.jpg (https://v5.airtableusercontent.com/v3/u/47/47/1762689600000/gsgZbWMrEzRxmJhUyYNX7w/QjINqOL8CrnzmYmCMKG00GLYZQFwoI8jbsEzvhBVTeymi5EPUfPULcmkyKaByNqNIVeEJPodwPz3ef4peNsFNsTpvK5Q_HC__eUMRPhH56tHittTonYBC6mfekklh1RjV3Awsxy46VHddZH1yTrb7Q/FVtCYGIUFps9ki6uqzY3vCR1Lt71NI5VwjkbkBnJzhE),30.rfa (https://v5.airtableusercontent.com/v3/u/47/47/1762689600000/1iyFu8Wvh8UMFRLng64vpQ/ym6Nys0oL4IyR_g6GDgNOLMRRN9AU4Hb6B7s6A6Y_Wk7r7EyAo6RNYHYN6xOSiRdLa-ad7ZKB20RzovbBgjX_OIbdSfr71Wl5NI6RLfiFu4BwCeqlG2ASommi-SCZ9EgrjRDlGibDoQd1mV_VLsBJA/nM4EqldBIy110Xiq7UYGhtGPxj0oYG67KBfmtfOeaCs),Standard,0,0,Left,Left,2023,Autodesk,"a,b",rg17,CurveAndShape,Creating,
31,31.jpg (https://v5.airtableusercontent.com/v3/u/47/47/1762689600000/O0QR9_UqPp_iZa_E4rmfXw/oQM2t-DTpYAg6sORH-X_G2elKTcOaGMSGFGUUyMle5BpXQC13Gz-EloVKLh5gShtekmat2vQSDE66-ed9maLKBxqZ0fhICgiRHkGnDNeYySovEkkXE2l-AlEhIBWAwc_cNBxkYo4bODc4zbQaBmpAw/AEIrKPAvSPuT-f675sTdr6cBgeSUSk-wMSOpLKmxoVk),31.rfa (https://v5.airtableusercontent.com/v3/u/47/47/1762689600000/Qsw-oqhu4diirzWMIUqngA/f7kH22iQZkgAcWEyuiusk2ikb_3f8rVpMciJu14ndT2nzGFvCLDVHt9jW3UeG0K4vBa3maCH2GyJ8P9Z09Tb4YIk95VfveKO2efv2Hn9jpfbYnWOJCqIsOctgkw09whQTGHvW9RM8fc-US9rSJtJ0Q/pydYgzzYt_DB4gyjKxiMfRst2b1eJiUUZTLU2cQuhEI),Standard,135,135,Left,Left,2023,Autodesk,"a,c",rg07,CurveAndShape,Creating,
pm01,pm01.jpg (https://v5.airtableusercontent.com/v3/u/47/47/1762689600000/8JsGjYXAFOdiu0IDgIc7sg/_jydYFUKcVK5LIXtNWupoB6gO3pAgzX8g4Iybag9AZgpLew0TQg5dnahWuY_EsSqY0u64pyMJ7BpMT77CWYc9guknt9-I3RRQTgVdpGIDqZA67DII-YF9HE4-qkrWKm-0MTGv0gRu1r3T0mZoZQiXA/_XYTBpuj4Qk6FbVRYASc2jI6VvnPZSP-3z6qDA3F9rg),pm01.rfa (https://v5.airtableusercontent.com/v3/u/47/47/1762689600000/6l8G1er3fXmRkiFtk524SQ/PpQQGqgoLUXpYT0pFlU_WXEeFBiOb_USGmjokcxx4ca4KskXZGPePuJiAr0tO576M3GWeS6-K2NdBCKDbIrGGugXqqZ6NukunpGS3Xkel4e-aC1RljA7-Stoi0JDDaqz-JXOkMKKn0Rbmi_cEj8RJg/NAcmvd1Pd-9NnxKtwKBQYAqu9B9Dfp04JmZraxd-ZFc),Standard,0,0,Right,Left,2023,Shimiz,"a,b,c,d",rg11,CurveAndShape,Done,
pm02,rg11.png (https://v5.airtableusercontent.com/v3/u/47/47/1762689600000/kZXbDSkLVpC5N7XGaE9VEQ/pjNKvj8UUJOv5jbuN9BToWo5hZkbndMIhHalEsPctNmyDEbjLAa6cFfEK2LHMcdZWLa4eT21w4rHVyxK-R8iPu8jKJcT2o-ur0yV-AhoeWKNs6PSPrBfDMU6qhVjjffb1qfAqXfaDf1nCEfBLgHHiQ/8PlmZgTcfrWgPA_8VLYWEcE-ohsp2pcfz9QhBuMNY1k),pm02.rfa (https://v5.airtableusercontent.com/v3/u/47/47/1762689600000/iRHnjJBeO8ceN61GAAptSQ/7knNrARsUOdBMdqrb4cnNazia97b3P-XaoY8UmQ7yQ5vgcjT6NAlc5PzeQijvaAvxGFnK24aEQLo5e_r_Vkm2gF-7nA9H4KawiDe_5ncEuoizy0OCu5Vg3-qjXknEyS_KvICAtqQndTOlg2Hdw2GWw/16_Sfh-LQ02rK-6H-mE-gcqnGTpsAB3tE2MEHBrPsmc),Standard,0,0,Right,Left,2023,Shimiz,"a,b,c,d",rg11,CurveAndShape,Done,
pm03,pm03.jpg (https://v5.airtableusercontent.com/v3/u/47/47/1762689600000/Xldu3LaeemX2V7clcK4_Mw/FTYMJqOffktCad7pbkQnk_5sG2du_HNAfgcyvnjGydZBEyFeFBZoL1_HURy4shhhIR7M6SIkqUAJpzrxLbhxPzg9dvV2xBZ57xcJ1OfGvkstgwtEs-s9JPvAGUhivcNqJMuUBq24WZ60QQxPFL8MiA/BcB2Ndw4HGEJJIUEsQz_HR1phETHdjXcG52TzEMAcXM),pm03.rfa (https://v5.airtableusercontent.com/v3/u/47/47/1762689600000/g0jNLUU3Fyi4DEXelg8OIQ/X_WZYLVt4sKMutC7dk-B0KSfQlAFKIA6ewHz17S5VpMCHdq2UjALJiapeTUix6xWVyWcnX720EhQRERg3xQM-pXhRt4NOrV8IyA4xcEqCNbI66-StH5cmeysGwTTaHIwxwYrwcWZg2NJeCcOr8xe5Q/xRx-mEea2xxIzhZdFLMDxoKKpaPHhkeKcVbR0C9xzVQ),Standard,0,0,Left,Left,2023,Shimiz,"a,b,c,d,e,f,g",rg13,CurveAndShape,Done,
pm04,pm04.jpg (https://v5.airtableusercontent.com/v3/u/47/47/1762689600000/aieieNtATA3IDNqGn1hBxA/uGS9hXV9BQehMsfpRO3RnT2_d_wb-9F95hdHcCaZDK6l1aijooHPgvBODQA0XtsVUTEmYVbCeijZNe4jkZuMKtmbjiVlzn1OT-fGFtgQ9Pzqp_1idD2kywS4MvJkkIds2csXDBUY8ublHG5orjX0iQ/pYCKyJ7n7KIFUTpGXJMIfhR3e5earEU1hymnKbeKBQM),pm04.rfa (https://v5.airtableusercontent.com/v3/u/47/47/1762689600000/oAJkWgpzoVcZVKXHI5kLSA/RO_p8Kh0N2FcnBtpxIrfmOd24eIBN0QcBwKeAMc9b5VCYWLRizh9y4KWgpo9p7cE8CKVrQJi4Gv58aabOneJonenwiirDQfwGTpkjSUPWjQ0STw_tKg2BjNaU1kuVLMlrYehYlIE-eK9-WAe624KIA/eX4VT5kVg1nLwRWcywr7hCOLIMPDl9HJr6AnCvKhGhU),Standard,180,90,Right,Right,2023,Shimiz,a,rg01,CurveAndShape,Done,
pm05,pm05.png (https://v5.airtableusercontent.com/v3/u/47/47/1762689600000/cUcU5dmZp39vyzmCb_7BBA/TPATCobjEe52zfDem2NIPBugvEkn607iDtoCalLuyiJA5YRv8l0onzBEH_iCs60SXwoHZzlU0nTs-hnffVgqmfH2TMrd-6eV91f9326UeyS9JK8RIM7X3yHvaQWeofadBUBVWcSjYRvxriJzRfU4bw/K5mrgMtzTY9VMlgeLEJxby6VXYVNL62zeWjvMX-mXeQ),pm05.rfa (https://v5.airtableusercontent.com/v3/u/47/47/1762689600000/xzVSbXBzKC4urUKOQ4bf8w/A4C_2uAK3AdbjiHcGkAYULK4Ux88l5KU4w6j-1WjxD7qHQ7BpkwThwuWCiaZSLZxiOFLKCKWcShVoNGmGbboc7UWaT3dKr9FZU0jbDEoJOEchu1eQw52oD2oi2IhGuy2V2X-x2yc0qyBs-Rlvnq_6g/acD3Bymj-8N9L3zzUVKkfG8OMbGds81bM-am3B7KGgA),Standard,135,135,Left,Left,2023,Shimiz,"a,b,c",rg21,CurveAndShape,,
38,,,Standard,0,0,Left,Left,2023,Shimiz,"a,b,c",rg22,CurveAndShape,Done,
